{
  "type": "minecraft:entity",
  "pools": [
    {
      "rolls": 3,
      "entries": [
        {
          "type": "minecraft:loot_table",
          "name": "undermagic:charm_drop"
        }
      ]
    },
    {
      "rolls": 1,
      "entries": [
        {
          "type": "minecraft:loot_table",
          "name": "minecraft:entities/generichostile",
          "functions": [
            {
              "function": "minecraft:set_count",
              "count": {
                "min": 20,
                "max": 40
              }
            }
          ]
        }
      ],
      "conditions": [
        {
          "condition": "minecraft:entity_scores",
          "entity": "this",
          "scores": {
            "um.erpg_loot": {
              "min": 1,
              "max": 999
            }
          }
        }
      ]
    },
    {
      "rolls": 1,
      "entries": [
        {
          "type": "minecraft:loot_table",
          "name": "minecraft:entities/genericprotector",
          "functions": [
            {
              "function": "minecraft:set_count",
              "count": {
                "min": 10,
                "max": 30
              }
            }
          ]
        }
      ],
      "conditions": [
        {
          "condition": "minecraft:entity_scores",
          "entity": "this",
          "scores": {
            "um.erpg_loot": {
              "min": 1,
              "max": 999
            }
          }
        }
      ]
    },
    {
      "rolls": 1,
      "entries": [
        {
          "type": "minecraft:loot_table",
          "name": "minecraft:entities/genericfarm",
          "functions": [
            {
              "function": "minecraft:set_count",
              "count": {
                "min": 10,
                "max": 30
              }
            }
          ]
        }
      ],
      "conditions": [
        {
          "condition": "minecraft:entity_scores",
          "entity": "this",
          "scores": {
            "um.erpg_loot": {
              "min": 1,
              "max": 999
            }
          }
        }
      ]
    }
  ]
}