{
  "parent": "item/handheld_rod",
  "textures": {
    "layer0": "item/carrot_on_a_stick"
  },
  "overrides": [
    {
      "predicate": {
        "custom_model_data": 330000
      },
      "model": "tcc:item/witch_hat"
    },
    {
      "predicate": {
        "custom_model_data": 330001
      },
      "model": "tcc:item/cursed_crown"
    },
    {
      "predicate": {
        "custom_model_data": 330002
      },
      "model": "tcc:item/quest_book"
    },
    {
      "predicate": {
        "custom_model_data": 330003
      },
      "model": "tcc:item/complete_quest_book"
    },
    {
      "predicate": {
        "custom_model_data": 330004
      },
      "model": "tcc:item/boomerang"
    },
    {
      "predicate": {
        "custom_model_data": 330005
      },
      "model": "tcc:item/spectral_boomerang"
    },
    {
      "predicate": {
        "custom_model_data": 330006
      },
      "model": "tcc:item/peculiar_berries"
    },
    {
      "predicate": {
        "custom_model_data": 330007
      },
      "model": "tcc:item/obsidian_mirror"
    },
    {
      "predicate": {
        "custom_model_data": 330008
      },
      "model": "tcc:item/obsidian_scythe"
    },
    {
      "predicate": {
        "custom_model_data": 330009
      },
      "model": "tcc:item/wrench"
    },
    {
      "predicate": {
        "custom_model_data": 330010
      },
      "model": "tcc:item/paintbrush/unused"
    },
    {
      "predicate": {
        "custom_model_data": 330011
      },
      "model": "tcc:item/paintbrush/black"
    },
    {
      "predicate": {
        "custom_model_data": 330012
      },
      "model": "tcc:item/paintbrush/blue"
    },
    {
      "predicate": {
        "custom_model_data": 330013
      },
      "model": "tcc:item/paintbrush/brown"
    },
    {
      "predicate": {
        "custom_model_data": 330014
      },
      "model": "tcc:item/paintbrush/cyan"
    },
    {
      "predicate": {
        "custom_model_data": 330015
      },
      "model": "tcc:item/paintbrush/gray"
    },
    {
      "predicate": {
        "custom_model_data": 330016
      },
      "model": "tcc:item/paintbrush/green"
    },
    {
      "predicate": {
        "custom_model_data": 330017
      },
      "model": "tcc:item/paintbrush/light_blue"
    },
    {
      "predicate": {
        "custom_model_data": 330018
      },
      "model": "tcc:item/paintbrush/light_gray"
    },
    {
      "predicate": {
        "custom_model_data": 330019
      },
      "model": "tcc:item/paintbrush/lime"
    },
    {
      "predicate": {
        "custom_model_data": 330020
      },
      "model": "tcc:item/paintbrush/magenta"
    },
    {
      "predicate": {
        "custom_model_data": 330021
      },
      "model": "tcc:item/paintbrush/orange"
    },
    {
      "predicate": {
        "custom_model_data": 330022
      },
      "model": "tcc:item/paintbrush/pink"
    },
    {
      "predicate": {
        "custom_model_data": 330023
      },
      "model": "tcc:item/paintbrush/purple"
    },
    {
      "predicate": {
        "custom_model_data": 330024
      },
      "model": "tcc:item/paintbrush/red"
    },
    {
      "predicate": {
        "custom_model_data": 330025
      },
      "model": "tcc:item/paintbrush/white"
    },
    {
      "predicate": {
        "custom_model_data": 330026
      },
      "model": "tcc:item/paintbrush/yellow"
    },
    {
      "predicate": {
        "custom_model_data": 330027
      },
      "model": "tcc:item/smoldering_seeker/unset"
    },
    {
      "predicate": {
        "custom_model_data": 330028
      },
      "model": "tcc:item/creeper_magnet"
    },
    {
      "predicate": {
        "custom_model_data": 330029
      },
      "model": "tcc:item/teapot"
    },
    {
      "predicate": {
        "custom_model_data": 330030
      },
      "model": "tcc:item/frostbloom"
    },
    {
      "predicate": {
        "custom_model_data": 330031
      },
      "model": "tcc:item/locket_of_learning/empty"
    },
    {
      "predicate": {
        "custom_model_data": 330032
      },
      "model": "tcc:item/locket_of_learning/filled_1"
    },
    {
      "predicate": {
        "custom_model_data": 330033
      },
      "model": "tcc:item/locket_of_learning/filled_2"
    },
    {
      "predicate": {
        "custom_model_data": 330034
      },
      "model": "tcc:item/locket_of_learning/filled_3"
    },
    {
      "predicate": {
        "custom_model_data": 330035
      },
      "model": "tcc:item/locket_of_learning/filled_4"
    },
    {
      "predicate": {
        "custom_model_data": 330036
      },
      "model": "tcc:item/locket_of_learning/filled_5"
    },
    {
      "predicate": {
        "custom_model_data": 330037
      },
      "model": "tcc:item/gobblerift"
    },
    {
      "predicate": {
        "custom_model_data": 330038
      },
      "model": "tcc:item/snail_bucket"
    },
    {
      "predicate": {
        "custom_model_data": 330039
      },
      "model": "tcc:item/photometer/lowest_light"
    },
    {
      "predicate": {
        "custom_model_data": 330040
      },
      "model": "tcc:item/photometer/low_light"
    },
    {
      "predicate": {
        "custom_model_data": 330041
      },
      "model": "tcc:item/photometer/high_light"
    },
    {
      "predicate": {
        "custom_model_data": 330042
      },
      "model": "tcc:item/photometer/highest_light"
    },
    {
      "predicate": {
        "custom_model_data": 338000
      },
      "model": "tcc:item/ring/iron/gemstone/none"
    },
    {
      "predicate": {
        "custom_model_data": 338001
      },
      "model": "tcc:item/ring/iron/gemstone/amethyst"
    },
    {
      "predicate": {
        "custom_model_data": 338002
      },
      "model": "tcc:item/ring/iron/gemstone/diamond"
    },
    {
      "predicate": {
        "custom_model_data": 338003
      },
      "model": "tcc:item/ring/iron/gemstone/emerald"
    },
    {
      "predicate": {
        "custom_model_data": 338004
      },
      "model": "tcc:item/ring/iron/gemstone/ender_pearl"
    },
    {
      "predicate": {
        "custom_model_data": 338005
      },
      "model": "tcc:item/ring/iron/gemstone/lapis_lazuli"
    },
    {
      "predicate": {
        "custom_model_data": 338006
      },
      "model": "tcc:item/ring/iron/gemstone/obsidian"
    },
    {
      "predicate": {
        "custom_model_data": 338007
      },
      "model": "tcc:item/ring/iron/gemstone/prismarine_crystal"
    },
    {
      "predicate": {
        "custom_model_data": 338008
      },
      "model": "tcc:item/ring/iron/gemstone/quartz"
    },
    {
      "predicate": {
        "custom_model_data": 338010
      },
      "model": "tcc:item/ring/golden/gemstone/none"
    },
    {
      "predicate": {
        "custom_model_data": 338011
      },
      "model": "tcc:item/ring/golden/gemstone/amethyst"
    },
    {
      "predicate": {
        "custom_model_data": 338012
      },
      "model": "tcc:item/ring/golden/gemstone/diamond"
    },
    {
      "predicate": {
        "custom_model_data": 338013
      },
      "model": "tcc:item/ring/golden/gemstone/emerald"
    },
    {
      "predicate": {
        "custom_model_data": 338014
      },
      "model": "tcc:item/ring/golden/gemstone/ender_pearl"
    },
    {
      "predicate": {
        "custom_model_data": 338015
      },
      "model": "tcc:item/ring/golden/gemstone/lapis_lazuli"
    },
    {
      "predicate": {
        "custom_model_data": 338016
      },
      "model": "tcc:item/ring/golden/gemstone/obsidian"
    },
    {
      "predicate": {
        "custom_model_data": 338017
      },
      "model": "tcc:item/ring/golden/gemstone/prismarine_crystal"
    },
    {
      "predicate": {
        "custom_model_data": 338018
      },
      "model": "tcc:item/ring/golden/gemstone/quartz"
    },
    {
      "predicate": {
        "custom_model_data": 338020
      },
      "model": "tcc:item/ring/netherite/gemstone/none"
    },
    {
      "predicate": {
        "custom_model_data": 338021
      },
      "model": "tcc:item/ring/netherite/gemstone/amethyst"
    },
    {
      "predicate": {
        "custom_model_data": 338022
      },
      "model": "tcc:item/ring/netherite/gemstone/diamond"
    },
    {
      "predicate": {
        "custom_model_data": 338023
      },
      "model": "tcc:item/ring/netherite/gemstone/emerald"
    },
    {
      "predicate": {
        "custom_model_data": 338024
      },
      "model": "tcc:item/ring/netherite/gemstone/ender_pearl"
    },
    {
      "predicate": {
        "custom_model_data": 338025
      },
      "model": "tcc:item/ring/netherite/gemstone/lapis_lazuli"
    },
    {
      "predicate": {
        "custom_model_data": 338026
      },
      "model": "tcc:item/ring/netherite/gemstone/obsidian"
    },
    {
      "predicate": {
        "custom_model_data": 338027
      },
      "model": "tcc:item/ring/netherite/gemstone/prismarine_crystal"
    },
    {
      "predicate": {
        "custom_model_data": 338028
      },
      "model": "tcc:item/ring/netherite/gemstone/quartz"
    },
    {
      "predicate": {
        "custom_model_data": 339000
      },
      "model": "tcc:item/ring/iron/gemstone_and_potion/none"
    },
    {
      "predicate": {
        "custom_model_data": 339001
      },
      "model": "tcc:item/ring/iron/gemstone_and_potion/amethyst"
    },
    {
      "predicate": {
        "custom_model_data": 339002
      },
      "model": "tcc:item/ring/iron/gemstone_and_potion/diamond"
    },
    {
      "predicate": {
        "custom_model_data": 339003
      },
      "model": "tcc:item/ring/iron/gemstone_and_potion/emerald"
    },
    {
      "predicate": {
        "custom_model_data": 339004
      },
      "model": "tcc:item/ring/iron/gemstone_and_potion/ender_pearl"
    },
    {
      "predicate": {
        "custom_model_data": 339005
      },
      "model": "tcc:item/ring/iron/gemstone_and_potion/lapis_lazuli"
    },
    {
      "predicate": {
        "custom_model_data": 339006
      },
      "model": "tcc:item/ring/iron/gemstone_and_potion/obsidian"
    },
    {
      "predicate": {
        "custom_model_data": 339007
      },
      "model": "tcc:item/ring/iron/gemstone_and_potion/prismarine_crystal"
    },
    {
      "predicate": {
        "custom_model_data": 339008
      },
      "model": "tcc:item/ring/iron/gemstone_and_potion/quartz"
    },
    {
      "predicate": {
        "custom_model_data": 339010
      },
      "model": "tcc:item/ring/golden/gemstone_and_potion/none"
    },
    {
      "predicate": {
        "custom_model_data": 339011
      },
      "model": "tcc:item/ring/golden/gemstone_and_potion/amethyst"
    },
    {
      "predicate": {
        "custom_model_data": 339012
      },
      "model": "tcc:item/ring/golden/gemstone_and_potion/diamond"
    },
    {
      "predicate": {
        "custom_model_data": 339013
      },
      "model": "tcc:item/ring/golden/gemstone_and_potion/emerald"
    },
    {
      "predicate": {
        "custom_model_data": 339014
      },
      "model": "tcc:item/ring/golden/gemstone_and_potion/ender_pearl"
    },
    {
      "predicate": {
        "custom_model_data": 339015
      },
      "model": "tcc:item/ring/golden/gemstone_and_potion/lapis_lazuli"
    },
    {
      "predicate": {
        "custom_model_data": 339016
      },
      "model": "tcc:item/ring/golden/gemstone_and_potion/obsidian"
    },
    {
      "predicate": {
        "custom_model_data": 339017
      },
      "model": "tcc:item/ring/golden/gemstone_and_potion/prismarine_crystal"
    },
    {
      "predicate": {
        "custom_model_data": 339018
      },
      "model": "tcc:item/ring/golden/gemstone_and_potion/quartz"
    },
    {
      "predicate": {
        "custom_model_data": 339020
      },
      "model": "tcc:item/ring/netherite/gemstone_and_potion/none"
    },
    {
      "predicate": {
        "custom_model_data": 339021
      },
      "model": "tcc:item/ring/netherite/gemstone_and_potion/amethyst"
    },
    {
      "predicate": {
        "custom_model_data": 339022
      },
      "model": "tcc:item/ring/netherite/gemstone_and_potion/diamond"
    },
    {
      "predicate": {
        "custom_model_data": 339023
      },
      "model": "tcc:item/ring/netherite/gemstone_and_potion/emerald"
    },
    {
      "predicate": {
        "custom_model_data": 339024
      },
      "model": "tcc:item/ring/netherite/gemstone_and_potion/ender_pearl"
    },
    {
      "predicate": {
        "custom_model_data": 339025
      },
      "model": "tcc:item/ring/netherite/gemstone_and_potion/lapis_lazuli"
    },
    {
      "predicate": {
        "custom_model_data": 339026
      },
      "model": "tcc:item/ring/netherite/gemstone_and_potion/obsidian"
    },
    {
      "predicate": {
        "custom_model_data": 339027
      },
      "model": "tcc:item/ring/netherite/gemstone_and_potion/prismarine_crystal"
    },
    {
      "predicate": {
        "custom_model_data": 339028
      },
      "model": "tcc:item/ring/netherite/gemstone_and_potion/quartz"
    },
    {
      "predicate": {
        "custom_model_data": 408000
      },
      "model": "tcc_compat:tcc/item/ring/iron/gemstone/dnd/amber"
    },
    {
      "predicate": {
        "custom_model_data": 408001
      },
      "model": "tcc_compat:tcc/item/ring/iron/gemstone/dnd/gypsum"
    },
    {
      "predicate": {
        "custom_model_data": 408010
      },
      "model": "tcc_compat:tcc/item/ring/golden/gemstone/dnd/amber"
    },
    {
      "predicate": {
        "custom_model_data": 408011
      },
      "model": "tcc_compat:tcc/item/ring/golden/gemstone/dnd/gypsum"
    },
    {
      "predicate": {
        "custom_model_data": 408020
      },
      "model": "tcc_compat:tcc/item/ring/netherite/gemstone/dnd/amber"
    },
    {
      "predicate": {
        "custom_model_data": 408021
      },
      "model": "tcc_compat:tcc/item/ring/netherite/gemstone/dnd/gypsum"
    },
    {
      "predicate": {
        "custom_model_data": 409000
      },
      "model": "tcc_compat:tcc/item/ring/iron/gemstone_and_potion/dnd/amber"
    },
    {
      "predicate": {
        "custom_model_data": 409001
      },
      "model": "tcc_compat:tcc/item/ring/iron/gemstone_and_potion/dnd/gypsum"
    },
    {
      "predicate": {
        "custom_model_data": 409010
      },
      "model": "tcc_compat:tcc/item/ring/golden/gemstone_and_potion/dnd/amber"
    },
    {
      "predicate": {
        "custom_model_data": 409011
      },
      "model": "tcc_compat:tcc/item/ring/golden/gemstone_and_potion/dnd/gypsum"
    },
    {
      "predicate": {
        "custom_model_data": 409020
      },
      "model": "tcc_compat:tcc/item/ring/netherite/gemstone_and_potion/dnd/amber"
    },
    {
      "predicate": {
        "custom_model_data": 409021
      },
      "model": "tcc_compat:tcc/item/ring/netherite/gemstone_and_potion/dnd/gypsum"
    },
    {
      "predicate": {
        "custom_model_data": 420001
      },
      "model": "um:entity/demon/lesser_head"
    },
    {
      "predicate": {
        "custom_model_data": 420002
      },
      "model": "um:entity/demon/left_arm"
    },
    {
      "predicate": {
        "custom_model_data": 420003
      },
      "model": "um:entity/demon/right_arm"
    },
    {
      "predicate": {
        "custom_model_data": 420004
      },
      "model": "um:item/demonic_steel_longsword/sheathed"
    },
    {
      "predicate": {
        "custom_model_data": 420005
      },
      "model": "um:item/demonic_steel_longsword/unsheathed"
    },
    {
      "predicate": {
        "custom_model_data": 420006
      },
      "model": "um:item/fire_orb"
    },
    {
      "predicate": {
        "custom_model_data": 420007
      },
      "model": "um:entity/demon/greater_head"
    },
    {
      "predicate": {
        "custom_model_data": 420020
      },
      "model": "um:entity/pit_lord/head"
    },
    {
      "predicate": {
        "custom_model_data": 420033
      },
      "model": "um:item/inspector"
    },
    {
      "predicate": {
        "custom_model_data": 420035
      },
      "model": "um:entity/elemental/hand"
    },
    {
      "predicate": {
        "custom_model_data": 420036
      },
      "model": "um:entity/elemental/head"
    },
    {
      "predicate": {
        "custom_model_data": 420045
      },
      "model": "um:entity/blood_amalgam/blood_amalgam"
    },
    {
      "predicate": {
        "custom_model_data": 420046
      },
      "model": "um:entity/blood_amalgam/blood_nodule"
    },
    {
      "predicate": {
        "custom_model_data": 420051
      },
      "model": "um:item/bone_of_wither"
    },
    {
      "predicate": {
        "custom_model_data": 420052
      },
      "model": "um:item/inferno_staff"
    },
    {
      "predicate": {
        "custom_model_data": 420053
      },
      "model": "um:item/blood_monolith"
    },
    {
      "predicate": {
        "custom_model_data": 420054
      },
      "model": "um:block/blood_monolith"
    },
    {
      "predicate": {
        "custom_model_data": 420068
      },
      "model": "um:item/shadow_longsword/sheathed"
    },
    {
      "predicate": {
        "custom_model_data": 420069
      },
      "model": "um:item/shadow_longsword/unsheathed"
    },
    {
      "predicate": {
        "custom_model_data": 420072
      },
      "model": "um:item/shadow_guardian"
    },
    {
      "predicate": {
        "custom_model_data": 420073
      },
      "model": "um:item/phantasmal_dagger/unthrown"
    },
    {
      "predicate": {
        "custom_model_data": 420074
      },
      "model": "um:item/phantasmal_dagger/thrown"
    },
    {
      "predicate": {
        "custom_model_data": 420075
      },
      "model": "um:item/charm_swapping_sigil"
    },
    {
      "predicate": {
        "custom_model_data": 420076
      },
      "model": "um:entity/elder/head"
    },
    {
      "predicate": {
        "custom_model_data": 420077
      },
      "model": "um:entity/elder/left_hand"
    },
    {
      "predicate": {
        "custom_model_data": 420078
      },
      "model": "um:entity/elder/right_hand"
    },
    {
      "predicate": {
        "custom_model_data": 420081
      },
      "model": "um:item/elder_staff"
    },
    {
      "predicate": {
        "custom_model_data": 420082
      },
      "model": "um:entity/shadebeast/generic/idle"
    },
    {
      "predicate": {
        "custom_model_data": 420084
      },
      "model": "um:entity/salamander/idle"
    },
    {
      "predicate": {
        "custom_model_data": 420085
      },
      "model": "um:item/locator_card"
    },
    {
      "predicate": {
        "custom_model_data": 420086
      },
      "model": "um:item/recall_locator_card"
    },
    {
      "predicate": {
        "custom_model_data": 420087
      },
      "model": "um:entity/ender_wyrmling/familiar/1"
    },
    {
      "predicate": {
        "custom_model_data": 420088
      },
      "model": "um:entity/ender_wyrmling/familiar/2"
    },
    {
      "predicate": {
        "custom_model_data": 420089
      },
      "model": "um:entity/ender_wyrmling/familiar/3"
    },
    {
      "predicate": {
        "custom_model_data": 420090
      },
      "model": "um:item/dragon_wings/1"
    },
    {
      "predicate": {
        "custom_model_data": 420091
      },
      "model": "um:item/dragon_wings/2"
    },
    {
      "predicate": {
        "custom_model_data": 420092
      },
      "model": "um:item/dragon_wings/3"
    },
    {
      "predicate": {
        "custom_model_data": 420093
      },
      "model": "um:item/crown_of_ruin"
    },
    {
      "predicate": {
        "custom_model_data": 420094
      },
      "model": "um:entity/voidling/head"
    },
    {
      "predicate": {
        "custom_model_data": 420095
      },
      "model": "um:entity/voidling/left_hand"
    },
    {
      "predicate": {
        "custom_model_data": 420096
      },
      "model": "um:entity/shadesull/shadesull"
    },
    {
      "predicate": {
        "custom_model_data": 420097
      },
      "model": "um:item/iron_rod"
    },
    {
      "predicate": {
        "custom_model_data": 420098
      },
      "model": "um:item/diamond_piercer"
    },
    {
      "predicate": {
        "custom_model_data": 420099
      },
      "model": "um:item/prismatic_scepter"
    },
    {
      "predicate": {
        "custom_model_data": 420100
      },
      "model": "um:item/dragon_staff"
    },
    {
      "predicate": {
        "custom_model_data": 420101
      },
      "model": "um:item/demon_flame_scepter"
    },
    {
      "predicate": {
        "custom_model_data": 420102
      },
      "model": "um:item/blood_rain_staff/1"
    },
    {
      "predicate": {
        "custom_model_data": 420103
      },
      "model": "um:item/shadow_force_wand"
    },
    {
      "predicate": {
        "custom_model_data": 420104
      },
      "model": "um:item/oblivion_staff"
    },
    {
      "predicate": {
        "custom_model_data": 420105
      },
      "model": "um:item/blood_rain_staff/2"
    },
    {
      "predicate": {
        "custom_model_data": 420106
      },
      "model": "um:item/blood_rain_staff/3"
    },
    {
      "predicate": {
        "custom_model_data": 420107
      },
      "model": "um:gui/logo"
    },
    {
      "predicate": {
        "custom_model_data": 420108
      },
      "model": "um:item/abyss_longsword/sheathed"
    },
    {
      "predicate": {
        "custom_model_data": 420109
      },
      "model": "um:item/abyss_longsword/unsheathed"
    },
    {
      "predicate": {
        "custom_model_data": 420110
      },
      "model": "um:item/mythical_dragon_egg"
    },
    {
      "predicate": {
        "custom_model_data": 420111
      },
      "model": "um:item/infernal_soul_crystal"
    },
    {
      "predicate": {
        "custom_model_data": 420112
      },
      "model": "um:item/bloody_idol"
    },
    {
      "predicate": {
        "custom_model_data": 420113
      },
      "model": "um:entity/ender_wyrmling/familiar/elder/1"
    },
    {
      "predicate": {
        "custom_model_data": 420114
      },
      "model": "um:entity/ender_wyrmling/familiar/elder/2"
    },
    {
      "predicate": {
        "custom_model_data": 420115
      },
      "model": "um:entity/ender_wyrmling/familiar/elder/3"
    },
    {
      "predicate": {
        "custom_model_data": 420116
      },
      "model": "um:entity/imp/1"
    },
    {
      "predicate": {
        "custom_model_data": 420117
      },
      "model": "um:entity/imp/2"
    },
    {
      "predicate": {
        "custom_model_data": 420118
      },
      "model": "um:entity/imp/3"
    },
    {
      "predicate": {
        "custom_model_data": 420119
      },
      "model": "um:entity/imp/elder/1"
    },
    {
      "predicate": {
        "custom_model_data": 420120
      },
      "model": "um:entity/imp/elder/2"
    },
    {
      "predicate": {
        "custom_model_data": 420121
      },
      "model": "um:entity/imp/elder/3"
    },
    {
      "predicate": {
        "custom_model_data": 420122
      },
      "model": "um:item/abyssal_mirror"
    },
    {
      "predicate": {
        "custom_model_data": 420123
      },
      "model": "um:entity/abyssal_revenant"
    },
    {
      "predicate": {
        "custom_model_data": 420126
      },
      "model": "um:item/doom_desire"
    },
    {
      "predicate": {
        "custom_model_data": 420128
      },
      "model": "um:entity/pit_lord/abs"
    },
    {
      "predicate": {
        "custom_model_data": 420129
      },
      "model": "um:entity/disciple_of_destruction"
    },
    {
      "predicate": {
        "custom_model_data": 420130
      },
      "model": "um:entity/disciple_of_death"
    },
    {
      "predicate": {
        "custom_model_data": 420131
      },
      "model": "um:item/spectral_sickle"
    },
    {
      "predicate": {
        "custom_model_data": 420132
      },
      "model": "um:entity/shadesull/shadesull_p2"
    },
    {
      "predicate": {
        "custom_model_data": 420133
      },
      "model": "um:item/chain_of_umbra"
    },
    {
      "predicate": {
        "custom_model_data": 420134
      },
      "model": "um:item/obliteration"
    },
    {
      "predicate": {
        "custom_model_data": 420135
      },
      "model": "um:item/sigil_of_the_shade"
    },
    {
      "predicate": {
        "custom_model_data": 420136
      },
      "model": "um:entity/voidling/right_hand"
    },
    {
      "predicate": {
        "custom_model_data": 420137
      },
      "model": "um:item/iron_whip"
    },
    {
      "predicate": {
        "custom_model_data": 420138
      },
      "model": "um:item/dragon_lash"
    },
    {
      "predicate": {
        "custom_model_data": 420139
      },
      "model": "um:item/venom_quiver"
    },
    {
      "predicate": {
        "custom_model_data": 420140
      },
      "model": "um:item/acid_quiver"
    },
    {
      "predicate": {
        "custom_model_data": 420141
      },
      "model": "um:item/shadow_quiver"
    },
    {
      "predicate": {
        "custom_model_data": 420142
      },
      "model": "um:item/impact_quiver"
    },
    {
      "predicate": {
        "custom_model_data": 420143
      },
      "model": "um:item/staff_of_the_magi"
    },
    {
      "predicate": {
        "custom_model_data": 420144
      },
      "model": "um:item/lucid_staff"
    },
    {
      "predicate": {
        "custom_model_data": 420145
      },
      "model": "um:item/mysterious_orb"
    },
    {
      "predicate": {
        "custom_model_data": 420146
      },
      "model": "um:item/astral_orb"
    },
    {
      "predicate": {
        "custom_model_data": 420147
      },
      "model": "um:item/eldritch_orb"
    },
    {
      "predicate": {
        "custom_model_data": 420148
      },
      "model": "um:item/oblivion_matrix"
    },
    {
      "predicate": {
        "custom_model_data": 420149
      },
      "model": "um:item/flare_runner"
    },
    {
      "predicate": {
        "custom_model_data": 420150
      },
      "model": "um:item/bfc_9000"
    },
    {
      "predicate": {
        "custom_model_data": 420151
      },
      "model": "um:item/armageddon"
    },
    {
      "predicate": {
        "custom_model_data": 420152
      },
      "model": "um:entity/cataclyz"
    },
    {
      "predicate": {
        "custom_model_data": 420153
      },
      "model": "um:item/greatblade_of_destruction"
    },
    {
      "predicate": {
        "custom_model_data": 420154
      },
      "model": "um:entity/maxon/head"
    },
    {
      "predicate": {
        "custom_model_data": 420155
      },
      "model": "um:entity/maxon/arm"
    },
    {
      "predicate": {
        "custom_model_data": 420156
      },
      "model": "um:entity/rahthor/head"
    },
    {
      "predicate": {
        "custom_model_data": 420157
      },
      "model": "um:entity/rahthor/arm"
    },
    {
      "predicate": {
        "custom_model_data": 420158
      },
      "model": "um:item/augis_ultra"
    },
    {
      "predicate": {
        "custom_model_data": 420159
      },
      "model": "um:item/augis_oblivia"
    },
    {
      "predicate": {
        "custom_model_data": 420160
      },
      "model": "um:item/hellfire_quiver"
    },
    {
      "predicate": {
        "custom_model_data": 420161
      },
      "model": "um:item/doom_quiver"
    },
    {
      "predicate": {
        "custom_model_data": 420162
      },
      "model": "um:anim/flare_runner_0"
    },
    {
      "predicate": {
        "custom_model_data": 420163
      },
      "model": "um:anim/flare_runner_1"
    },
    {
      "predicate": {
        "custom_model_data": 420164
      },
      "model": "um:anim/flare_runner_2"
    },
    {
      "predicate": {
        "custom_model_data": 420165
      },
      "model": "um:anim/flare_runner_3"
    },
    {
      "predicate": {
        "custom_model_data": 420166
      },
      "model": "um:anim/flare_runner_4"
    },
    {
      "predicate": {
        "custom_model_data": 420167
      },
      "model": "um:anim/flare_runner_5"
    },
    {
      "predicate": {
        "custom_model_data": 420168
      },
      "model": "um:anim/flare_runner_6"
    },
    {
      "predicate": {
        "custom_model_data": 420169
      },
      "model": "um:anim/flare_runner_7"
    },
    {
      "predicate": {
        "custom_model_data": 420170
      },
      "model": "um:item/blood_rain_staff/4"
    },
    {
      "predicate": {
        "custom_model_data": 423000
      },
      "model": "florcraft:item/essence_flask_empty"
    },
    {
      "predicate": {
        "custom_model_data": 423001
      },
      "model": "florcraft:item/essence_flask_arid_1"
    },
    {
      "predicate": {
        "custom_model_data": 423002
      },
      "model": "florcraft:item/essence_flask_arid_2"
    },
    {
      "predicate": {
        "custom_model_data": 423003
      },
      "model": "florcraft:item/essence_flask_arid_3"
    },
    {
      "predicate": {
        "custom_model_data": 423004
      },
      "model": "florcraft:item/essence_flask_aqueous_1"
    },
    {
      "predicate": {
        "custom_model_data": 423005
      },
      "model": "florcraft:item/essence_flask_aqueous_2"
    },
    {
      "predicate": {
        "custom_model_data": 423006
      },
      "model": "florcraft:item/essence_flask_aqueous_3"
    },
    {
      "predicate": {
        "custom_model_data": 423007
      },
      "model": "florcraft:item/essence_flask_verdant_1"
    },
    {
      "predicate": {
        "custom_model_data": 423008
      },
      "model": "florcraft:item/essence_flask_verdant_2"
    },
    {
      "predicate": {
        "custom_model_data": 423009
      },
      "model": "florcraft:item/essence_flask_verdant_3"
    },
    {
      "predicate": {
        "custom_model_data": 423010
      },
      "model": "florcraft:item/ignition_rod"
    },
    {
      "predicate": {
        "custom_model_data": 423011
      },
      "model": "florcraft:item/frost_rod"
    },
    {
      "predicate": {
        "custom_model_data": 423012
      },
      "model": "florcraft:item/overgrowth_rod"
    },
    {
      "predicate": {
        "custom_model_data": 423013
      },
      "model": "florcraft:anim/overgrown_vine"
    },
    {
      "predicate": {
        "custom_model_data": 423014
      },
      "model": "florcraft:item/absorbloom"
    },
    {
      "predicate": {
        "custom_model_data": 423015
      },
      "model": "florcraft:item/dispoppy"
    },
    {
      "predicate": {
        "custom_model_data": 423016
      },
      "model": "florcraft:item/relilay"
    },
    {
      "predicate": {
        "custom_model_data": 423017
      },
      "model": "florcraft:item/burning_scepter"
    },
    {
      "predicate": {
        "custom_model_data": 423018
      },
      "model": "florcraft:item/blizzard_scepter"
    },
    {
      "predicate": {
        "custom_model_data": 423019
      },
      "model": "florcraft:item/snare_scepter"
    },
    {
      "predicate": {
        "custom_model_data": 423020
      },
      "model": "florcraft:item/ender_rift_scepter"
    },
    {
      "predicate": {
        "custom_model_data": 423021
      },
      "model": "florcraft:item/barrier_scepter"
    },
    {
      "predicate": {
        "custom_model_data": 423022
      },
      "model": "florcraft:item/mending_scepter"
    },
    {
      "predicate": {
        "custom_model_data": 423024
      },
      "model": "florcraft:item/essence_vessel_empty"
    },
    {
      "predicate": {
        "custom_model_data": 423025
      },
      "model": "florcraft:item/essence_vessel_arid_1"
    },
    {
      "predicate": {
        "custom_model_data": 423026
      },
      "model": "florcraft:item/essence_vessel_arid_2"
    },
    {
      "predicate": {
        "custom_model_data": 423027
      },
      "model": "florcraft:item/essence_vessel_arid_3"
    },
    {
      "predicate": {
        "custom_model_data": 423028
      },
      "model": "florcraft:item/essence_vessel_arid_4"
    },
    {
      "predicate": {
        "custom_model_data": 423029
      },
      "model": "florcraft:item/essence_vessel_arid_5"
    },
    {
      "predicate": {
        "custom_model_data": 423030
      },
      "model": "florcraft:item/essence_vessel_aqueous_1"
    },
    {
      "predicate": {
        "custom_model_data": 423031
      },
      "model": "florcraft:item/essence_vessel_aqueous_2"
    },
    {
      "predicate": {
        "custom_model_data": 423032
      },
      "model": "florcraft:item/essence_vessel_aqueous_3"
    },
    {
      "predicate": {
        "custom_model_data": 423033
      },
      "model": "florcraft:item/essence_vessel_aqueous_4"
    },
    {
      "predicate": {
        "custom_model_data": 423034
      },
      "model": "florcraft:item/essence_vessel_aqueous_5"
    },
    {
      "predicate": {
        "custom_model_data": 423035
      },
      "model": "florcraft:item/essence_vessel_verdant_1"
    },
    {
      "predicate": {
        "custom_model_data": 423036
      },
      "model": "florcraft:item/essence_vessel_verdant_2"
    },
    {
      "predicate": {
        "custom_model_data": 423037
      },
      "model": "florcraft:item/essence_vessel_verdant_3"
    },
    {
      "predicate": {
        "custom_model_data": 423038
      },
      "model": "florcraft:item/essence_vessel_verdant_4"
    },
    {
      "predicate": {
        "custom_model_data": 423039
      },
      "model": "florcraft:item/essence_vessel_verdant_5"
    },
    {
      "predicate": {
        "custom_model_data": 423040
      },
      "model": "florcraft:item/spirit_binder_staff"
    },
    {
      "predicate": {
        "custom_model_data": 423041
      },
      "model": "florcraft:item/druidic_lauret"
    },
    {
      "predicate": {
        "custom_model_data": 423042
      },
      "model": "florcraft:item/reinforced_vessel_empty"
    },
    {
      "predicate": {
        "custom_model_data": 423043
      },
      "model": "florcraft:item/reinforced_vessel_arid_1"
    },
    {
      "predicate": {
        "custom_model_data": 423044
      },
      "model": "florcraft:item/reinforced_vessel_arid_2"
    },
    {
      "predicate": {
        "custom_model_data": 423045
      },
      "model": "florcraft:item/reinforced_vessel_arid_3"
    },
    {
      "predicate": {
        "custom_model_data": 423046
      },
      "model": "florcraft:item/reinforced_vessel_arid_4"
    },
    {
      "predicate": {
        "custom_model_data": 423047
      },
      "model": "florcraft:item/reinforced_vessel_arid_5"
    },
    {
      "predicate": {
        "custom_model_data": 423048
      },
      "model": "florcraft:item/reinforced_vessel_aqueous_1"
    },
    {
      "predicate": {
        "custom_model_data": 423049
      },
      "model": "florcraft:item/reinforced_vessel_aqueous_2"
    },
    {
      "predicate": {
        "custom_model_data": 423050
      },
      "model": "florcraft:item/reinforced_vessel_aqueous_3"
    },
    {
      "predicate": {
        "custom_model_data": 423051
      },
      "model": "florcraft:item/reinforced_vessel_aqueous_4"
    },
    {
      "predicate": {
        "custom_model_data": 423052
      },
      "model": "florcraft:item/reinforced_vessel_aqueous_5"
    },
    {
      "predicate": {
        "custom_model_data": 423053
      },
      "model": "florcraft:item/reinforced_vessel_verdant_1"
    },
    {
      "predicate": {
        "custom_model_data": 423054
      },
      "model": "florcraft:item/reinforced_vessel_verdant_2"
    },
    {
      "predicate": {
        "custom_model_data": 423055
      },
      "model": "florcraft:item/reinforced_vessel_verdant_3"
    },
    {
      "predicate": {
        "custom_model_data": 423056
      },
      "model": "florcraft:item/reinforced_vessel_verdant_4"
    },
    {
      "predicate": {
        "custom_model_data": 423057
      },
      "model": "florcraft:item/reinforced_vessel_verdant_5"
    },
    {
      "predicate": {
        "custom_model_data": 423058
      },
      "model": "florcraft:item/mineroot_sapling"
    },
    {
      "predicate": {
        "custom_model_data": 423059
      },
      "model": "florcraft:item/charm_of_invocation"
    },
    {
      "predicate": {
        "custom_model_data": 423060
      },
      "model": "florcraft:item/arid_mastery_circlet"
    },
    {
      "predicate": {
        "custom_model_data": 423061
      },
      "model": "florcraft:item/aqueous_mastery_circlet"
    },
    {
      "predicate": {
        "custom_model_data": 423062
      },
      "model": "florcraft:item/verdant_mastery_circlet"
    }
  ]
}
