{
    "parent": "item/generated",
    "textures": {
        "layer0": "item/crossbow_standby"
    },
    "display": {
        "thirdperson_righthand": {
            "rotation": [ -90, 0, -60 ],
            "translation": [ 2, 0.1, -3 ],
            "scale": [ 0.9, 0.9, 0.9 ]
        },
        "thirdperson_lefthand": {
            "rotation": [ -90, 0, 30 ],
            "translation": [ 2, 0.1, -3 ],
            "scale": [ 0.9, 0.9, 0.9 ]
        },
        "firstperson_righthand": {
            "rotation": [ -90, 0, -55 ],
            "translation": [ 1.13, 3.2, 1.13],
            "scale": [ 0.68, 0.68, 0.68 ]
        },
        "firstperson_lefthand": {
            "rotation": [ -90, 0, 35 ],
            "translation": [ 1.13, 3.2, 1.13],
            "scale": [ 0.68, 0.68, 0.68 ]
        }
    },
    "overrides": [
        {
            "predicate": {
                "pulling": 1
            },
            "model": "item/crossbow_pulling_0"
        },
        {
            "predicate": {
                "pulling": 1,
                "pull": 0.58
            },
            "model": "item/crossbow_pulling_1"
        },
        {
            "predicate": {
                "pulling": 1,
                "pull": 1.0
            },
            "model": "item/crossbow_pulling_2"
        },
        {
            "predicate": {
                "charged": 1
            },
            "model": "item/crossbow_arrow"
        },
        {
            "predicate": {
                "charged": 1,
                "firework": 1
            },
            "model": "item/crossbow_firework"
        },
        {
            "predicate": {
                "custom_model_data": 420001
            },
            "model": "um:item/the_blaster"
        },
        {
            "predicate": {
                "custom_model_data": 420002
            },
            "model": "um:item/bfc_9000"
        },
        {
            "predicate": {
                "custom_model_data": 420002,
                "charged": 1
            },
            "model": "um:item/bfc_9000_charged"
        },
        {
            "predicate": {
                "custom_model_data": 420003
            },
            "model": "um:item/puncture/1_standby"
        },
        {
            "predicate": {
                "custom_model_data": 420003,
                "pulling": 1
            },
            "model": "um:item/puncture/1_pulling_0"
        },
        {
            "predicate": {
                "custom_model_data": 420003,
                "pulling": 1,
                "pull": 0.58
            },
            "model": "um:item/puncture/1_pulling_1"
        },
        {
            "predicate": {
                "custom_model_data": 420003,
                "pulling": 1,
                "pull": 1.0
            },
            "model": "um:item/puncture/1_pulling_2"
        },
        {
            "predicate": {
                "custom_model_data": 420003,
                "charged": 1
            },
            "model": "um:item/puncture/1_arrow"
        },
        {
            "predicate": {
                "custom_model_data": 420003,
                "charged": 1,
                "firework": 1
            },
            "model": "um:item/puncture/1_firework"
        },
        {
            "predicate": {
                "custom_model_data": 420004
            },
            "model": "um:item/puncture/2_standby"
        },
        {
            "predicate": {
                "custom_model_data": 420004,
                "pulling": 1
            },
            "model": "um:item/puncture/2_pulling_0"
        },
        {
            "predicate": {
                "custom_model_data": 420004,
                "pulling": 1,
                "pull": 0.58
            },
            "model": "um:item/puncture/2_pulling_1"
        },
        {
            "predicate": {
                "custom_model_data": 420004,
                "pulling": 1,
                "pull": 1.0
            },
            "model": "um:item/puncture/2_pulling_2"
        },
        {
            "predicate": {
                "custom_model_data": 420004,
                "charged": 1
            },
            "model": "um:item/puncture/2_arrow"
        },
        {
            "predicate": {
                "custom_model_data": 420004,
                "charged": 1,
                "firework": 1
            },
            "model": "um:item/puncture/2_firework"
        },
        {
            "predicate": {
                "custom_model_data": 420005
            },
            "model": "um:item/puncture/3_standby"
        },
        {
            "predicate": {
                "custom_model_data": 420005,
                "pulling": 1
            },
            "model": "um:item/puncture/3_pulling_0"
        },
        {
            "predicate": {
                "custom_model_data": 420005,
                "pulling": 1,
                "pull": 0.58
            },
            "model": "um:item/puncture/3_pulling_1"
        },
        {
            "predicate": {
                "custom_model_data": 420005,
                "pulling": 1,
                "pull": 1.0
            },
            "model": "um:item/puncture/3_pulling_2"
        },
        {
            "predicate": {
                "custom_model_data": 420005,
                "charged": 1
            },
            "model": "um:item/puncture/3_arrow"
        },
        {
            "predicate": {
                "custom_model_data": 420005,
                "charged": 1,
                "firework": 1
            },
            "model": "um:item/puncture/3_firework"
        },
        {
            "predicate": {
                "custom_model_data": 420006
            },
            "model": "um:item/puncture/4_standby"
        },
        {
            "predicate": {
                "custom_model_data": 420006,
                "pulling": 1
            },
            "model": "um:item/puncture/4_pulling_0"
        },
        {
            "predicate": {
                "custom_model_data": 420006,
                "pulling": 1,
                "pull": 0.58
            },
            "model": "um:item/puncture/4_pulling_1"
        },
        {
            "predicate": {
                "custom_model_data": 420006,
                "pulling": 1,
                "pull": 1.0
            },
            "model": "um:item/puncture/4_pulling_2"
        },
        {
            "predicate": {
                "custom_model_data": 420006,
                "charged": 1
            },
            "model": "um:item/puncture/4_arrow"
        },
        {
            "predicate": {
                "custom_model_data": 420006,
                "charged": 1,
                "firework": 1
            },
            "model": "um:item/puncture/4_firework"
        }
    ]
}
