{
  "parent": "item/handheld",
  "textures": {
    "layer0": "item/iron_sword"
  },
  "overrides": [
    {
      "predicate": {
        "custom_model_data": 330000
      },
      "model": "tcc:item/tipped_swords/iron_sword"
    },
    {
      "predicate": {
        "custom_model_data": 420003
      },
      "model": "um:entity/demon/sword_arm"
    },
    {
      "predicate": {
        "custom_model_data": 420030
      },
      "model": "um:item/bloody_edge/1"
    },
    {
      "predicate": {
        "custom_model_data": 420031
      },
      "model": "um:item/bloody_edge/2"
    },
    {
      "predicate": {
        "custom_model_data": 420032
      },
      "model": "um:item/bloody_edge/3"
    },
    {
      "predicate": {
        "custom_model_data": 420033
      },
      "model": "um:item/bloody_edge/4"
    },
    {
      "predicate": {
        "custom_model_data": 420125
      },
      "model": "um:item/reaper_scythe"
    },
    {
      "predicate": {
        "custom_model_data": 420126
      },
      "model": "um:item/revenant_blade"
    },
    {"predicate": {"custom_model_data": 423001}, "model": "florcraft:item/arid_sword"},
    {"predicate": {"custom_model_data": 423002}, "model": "florcraft:item/aqueous_sword"},
    {"predicate": {"custom_model_data": 423003}, "model": "florcraft:item/verdant_sword"}
  ]
}
