{
  "parent": "item/generated",
  "textures": {
    "layer0": "item/leather_boots",
    "layer1": "item/leather_boots_overlay"
  },
  "overrides": [{
    "predicate": {
      "custom_model_data": 420000
    },
    "model": "um:item/demonic_steel_boots"
  },{
    "predicate": {
      "custom_model_data": 420001
    },
    "model": "um:item/bloodstained_boots"
  },{
    "predicate": {
      "custom_model_data": 420003
    },
    "model": "um:item/shadow_boots"
  },{
    "predicate": {
      "custom_model_data": 420004
    },
    "model": "um:item/shade_boots"
  },{
    "predicate": {
      "custom_model_data": 420005
    },
    "model": "um:item/omega_boots"
  },{
    "predicate": {
      "custom_model_data": 420006
    },
    "model": "um:item/dragon_scale_boots"
  },{
    "predicate": {
      "custom_model_data": 420007
    },
    "model": "um:item/abyss_knight_boots"
  },{
    "predicate": {
      "custom_model_data": 420008
    },
    "model": "um:item/abyss_ranger_boots"
  },{
    "predicate": {
      "custom_model_data": 420009
    },
    "model": "um:item/abyss_warlock_boots"
  },{
    "predicate": {
      "custom_model_data": 420010
    },
    "model": "um:item/paladin_boots"
  },{
    "predicate": {
      "custom_model_data": 420013
    },
    "model": "um:item/fallen_paladin_boots"
  },{
    "predicate": {
      "custom_model_data": 420016
    },
    "model": "um:item/primal_boots"
  },{
    "predicate": {
      "custom_model_data": 420017
    },
    "model": "um:item/magi_boots"
  },{
    "predicate": {
      "custom_model_data": 420018
    },
    "model": "um:item/astral_boots"
  }]
}