{
  "parent": "item/generated",
  "textures": {
    "layer0": "item/leather_helmet",
    "layer1": "item/leather_helmet_overlay"
  },
  "overrides": [
    {
      "predicate": {
        "custom_model_data": 330000
      },
      "model": "tcc:item/witch_hat"
    },{
    "predicate": {
      "custom_model_data": 420000
    },
    "model": "um:item/demonic_steel_helmet"
  },{
    "predicate": {
      "custom_model_data": 420001
    },
    "model": "um:item/bloodstained_helmet"
  },{
    "predicate": {
      "custom_model_data": 420003
    },
    "model": "um:item/shadow_helmet"
  },{
    "predicate": {
      "custom_model_data": 420004
    },
    "model": "um:item/shade_helmet"
  },{
    "predicate": {
      "custom_model_data": 420005
    },
    "model": "um:item/omega_helmet"
  },{
    "predicate": {
      "custom_model_data": 420006
    },
    "model": "um:item/dragon_scale_helmet"
  },{
    "predicate": {
      "custom_model_data": 420007
    },
    "model": "um:item/abyss_knight_helmet"
  },{
    "predicate": {
      "custom_model_data": 420008
    },
    "model": "um:item/abyss_ranger_helmet"
  },{
    "predicate": {
      "custom_model_data": 420009
    },
    "model": "um:item/abyss_warlock_helmet"
  },{
    "predicate": {
      "custom_model_data": 420010
    },
    "model": "um:item/avenger_helmet"
  },{
    "predicate": {
      "custom_model_data": 420011
    },
    "model": "um:item/protector_helmet"
  },{
    "predicate": {
      "custom_model_data": 420012
    },
    "model": "um:item/crusader_helmet"
  },{
    "predicate": {
      "custom_model_data": 420013
    },
    "model": "um:item/fallen_avenger_helmet"
  },{
    "predicate": {
      "custom_model_data": 420014
    },
    "model": "um:item/fallen_protector_helmet"
  },{
    "predicate": {
      "custom_model_data": 420015
    },
    "model": "um:item/fallen_crusader_helmet"
  },{
    "predicate": {
      "custom_model_data": 420016
    },
    "model": "um:item/primal_helmet"
  },{
    "predicate": {
      "custom_model_data": 420017
    },
    "model": "um:item/magi_helmet"
  },{
    "predicate": {
      "custom_model_data": 420018
    },
    "model": "um:item/astral_helmet"
  },{
    "predicate": {
      "custom_model_data": 423041
    },
    "model": "florcraft:item/druidic_lauret"
  },
  {
    "predicate": {
      "custom_model_data": 423060
    },
    "model": "florcraft:item/arid_mastery_circlet"
  },
  {
    "predicate": {
      "custom_model_data": 423061
    },
    "model": "florcraft:item/aqueous_mastery_circlet"
  },
  {
    "predicate": {
      "custom_model_data": 423062
    },
    "model": "florcraft:item/verdant_mastery_circlet"
  }]
}