{
  "parent": "item/template_spawn_egg",
  "overrides": [{
      "predicate": {
        "custom_model_data": 420002
      },
      "model": "um:block/undercrafter"
    },
    {
      "predicate": {
        "custom_model_data": 420080
      },
      "model": "um:block/charm_table"
    },
    {
      "predicate": {
        "custom_model_data": 420081
      },
      "model": "um:block/teleporter"
    },
    {
      "predicate": {
        "custom_model_data": 420082
      },
      "model": "um:block/radiant_monolith"
    },
    {
      "predicate": {
        "custom_model_data": 420083
      },
      "model": "um:block/blood_chalice_empty"
    },
    {
      "predicate": {
        "custom_model_data": 420085
      },
      "model": "um:block/blood_monolith"
    },
    {
      "predicate": {
        "custom_model_data": 420086
      },
      "model": "um:block/blood_chalice_filled1"
    },
    {
      "predicate": {
        "custom_model_data": 420087
      },
      "model": "um:block/blood_chalice_filled2"
    },
    {
      "predicate": {
        "custom_model_data": 420088
      },
      "model": "um:block/blood_chalice_filled3"
    },
    {
      "predicate": {
        "custom_model_data": 420089
      },
      "model": "um:block/chunk_loader"
    }
  ]

}