{
	"parent": "minecraft:item/generated",
  	"textures": {
  	  "layer0": "minecraft:item/tropical_fish"
  	},
	"overrides": [
		{
			"predicate": {
			  "custom_model_data": 330000
			},
			"model": "tcc:item/swordfish"
		  },
		{ "predicate": {"custom_model_data": 422000}, "model": "marina:items/mudfish"},
		{ "predicate": {"custom_model_data": 422001}, "model": "marina:items/crimfeeder"},
		{ "predicate": {"custom_model_data": 422002}, "model": "marina:items/warpod"},
		{ "predicate": {"custom_model_data": 422003}, "model": "marina:items/rotfish"},
		{ "predicate": {"custom_model_data": 422004}, "model": "marina:items/soulmon"},
		{ "predicate": {"custom_model_data": 422005}, "model": "marina:items/bashrimp"},
		{ "predicate": {"custom_model_data": 422006}, "model": "marina:items/obsidibass"},
		{ "predicate": {"custom_model_data": 422007}, "model": "marina:items/walleye"},
		{ "predicate": {"custom_model_data": 422008}, "model": "marina:items/minnow"},
		{ "predicate": {"custom_model_data": 422009}, "model": "marina:items/pupfish"},
		{ "predicate": {"custom_model_data": 422010}, "model": "marina:items/shrimp"},
		{ "predicate": {"custom_model_data": 422011}, "model": "marina:items/squid"},
		{ "predicate": {"custom_model_data": 422012}, "model": "marina:items/bass"},
		{ "predicate": {"custom_model_data": 422013}, "model": "marina:items/trout"},
		{ "predicate": {"custom_model_data": 422014}, "model": "marina:items/neon_tetra"},
		{ "predicate": {"custom_model_data": 422015}, "model": "marina:items/angelfish"},
		{ "predicate": {"custom_model_data": 422016}, "model": "marina:items/catfish"},
		{ "predicate": {"custom_model_data": 422017}, "model": "marina:items/yellow_perch"},
		{ "predicate": {"custom_model_data": 422018}, "model": "marina:items/salshroom"},
		{ "predicate": {"custom_model_data": 422019}, "model": "marina:items/fungerfish"},
		{ "predicate": {"custom_model_data": 422020}, "model": "marina:items/enderpod"},
		{ "predicate": {"custom_model_data": 422021}, "model": "marina:items/emerald_trout"},
		{ "predicate": {"custom_model_data": 422022}, "model": "marina:items/frostminnow"},
		{ "predicate": {"custom_model_data": 422023}, "model": "marina:items/snowtrout"},
		{ "predicate": {"custom_model_data": 422024}, "model": "marina:items/valley_pupfish"},
		{ "predicate": {"custom_model_data": 422025}, "model": "marina:items/the_fish"},
		{ "predicate": {"custom_model_data": 422026}, "model": "marina:items/muckod"},
		{ "predicate": {"custom_model_data": 422027}, "model": "marina:items/creeperfish"},
		{ "predicate": {"custom_model_data": 422028}, "model": "marina:items/fungopod"},
		{ "predicate": {"custom_model_data": 422029}, "model": "marina:items/armored_sturgeon"},
		{ "predicate": {"custom_model_data": 422030}, "model": "marina:items/prismatic_trout"},
		{ "predicate": {"custom_model_data": 422031}, "model": "marina:items/wartfish"},
		{ "predicate": {"custom_model_data": 422032}, "model": "marina:items/codlin"},
		{ "predicate": {"custom_model_data": 422033}, "model": "marina:items/scyllabrim"},
		{ "predicate": {"custom_model_data": 422034}, "model": "marina:items/ghastly_squid"},
		{ "predicate": {"custom_model_data": 422035}, "model": "marina:items/boneserpent"},
		{ "predicate": {"custom_model_data": 422036}, "model": "marina:items/shullusk"}
	]
}
