{
    "__comment": "Made with TheDestruc7i0n's advancements generator: https://advancements.thedestruc7i0n.ca",
    "display": {
        "title": {
            "text": "Through the Beyond"
        },
        "description": {
            "text": "Throw iron or gold into a Shadow Rift found in the Nether."
        },
        "icon": {
            "item": "minecraft:clock",
            "nbt": "{CustomModelData:420061}"
        },
        "frame": "task",
        "show_toast": true,
        "announce_to_chat": true,
        "hidden": false
    },
    "criteria": {
        "shadow_base": {
            "trigger": "minecraft:inventory_changed",
            "conditions": {
                "items": [
                    {
                        "item": "minecraft:clock",
                        "nbt": "{um_id:shadow_base}"
                    }
                ]
            }
        },
        "tenebrous_base": {
            "trigger": "minecraft:inventory_changed",
            "conditions": {
                "items": [
                    {
                        "item": "minecraft:clock",
                        "nbt": "{um_id:tenebrous_base}"
                    }
                ]
            }
        }
    },
    "requirements": [
        [
            "shadow_base",
            "tenebrous_base"
        ]
    ],
    "parent": "undermagic:undermagic/root"
}