{
    "__comment": "Made with TheDestruc7i0n's advancements generator: https://advancements.thedestruc7i0n.ca",
    "display": {
        "title": {
            "text": "The Bloodthirsting Blade"
        },
        "description": {
            "text": "Create a tier 1 Bloody Edge."
        },
        "icon": {
            "item": "minecraft:iron_sword",
            "nbt": "{CustomModelData:420030}"
        },
        "frame": "task",
        "show_toast": true,
        "announce_to_chat": true,
        "hidden": false
    },
    "criteria": {
        "bloody_edge_1": {
            "trigger": "minecraft:inventory_changed",
            "conditions": {
                "items": [
                    {
                        "item": "minecraft:iron_sword",
                        "nbt": "{um_id:bloody_edge_1}"
                    }
                ]
            }
        }
    },
    "parent": "undermagic:undermagic/blood_chalice"
}