{
    "__comment": "Made with TheDestruc7i0n's advancements generator: https://advancements.thedestruc7i0n.ca",
    "display": {
        "title": {
            "text": "Destroyer of Worlds"
        },
        "description": {
            "text": "Create a tier 3 Carnage."
        },
        "icon": {
            "item": "minecraft:diamond_pickaxe",
            "nbt": "{CustomModelData:420039}"
        },
        "frame": "goal",
        "show_toast": true,
        "announce_to_chat": true,
        "hidden": false
    },
    "criteria": {
        "carnage_3": {
            "trigger": "minecraft:inventory_changed",
            "conditions": {
                "items": [
                    {
                        "item": "minecraft:diamond_pickaxe",
                        "nbt": "{um_id:carnage_3}"
                    }
                ]
            }
        }
    },
    "parent": "undermagic:undermagic/bloodstone"
}