{
    "__comment": "Made with TheDestruc7i0n's advancements generator: https://advancements.thedestruc7i0n.ca",
    "display": {
        "title": {
            "text": "Demonic Reinforcement"
        },
        "description": {
            "text": "Obtain a full suit of Demonic Steel armor."
        },
        "icon": {
            "item": "minecraft:leather_chestplate",
            "nbt": "{CustomModelData:420010,display:{color:16742520}}"
        },
        "frame": "goal",
        "show_toast": true,
        "announce_to_chat": true,
        "hidden": false
    },
    "criteria": {
        "demonic_steel_armor": {
            "trigger": "minecraft:inventory_changed",
            "conditions": {
                "items": [
                    {
                        "item": "minecraft:leather_helmet",
                        "nbt": "{um_id:\"helmet_demonic_steel\"}"
                    },
                    {
                        "item": "minecraft:leather_chestplate",
                        "nbt": "{um_id:\"chestplate_demonic_steel\"}"
                    },
                    {
                        "item": "minecraft:leather_leggings",
                        "nbt": "{um_id:\"leggings_demonic_steel\"}"
                    },
                    {
                        "item": "minecraft:leather_boots",
                        "nbt": "{um_id:\"boots_demonic_steel\"}"
                    }
                ]
            }
        }
    },
    "parent": "undermagic:undermagic/demonic_steel"
}