{
    "__comment": "Made with TheDestruc7i0n's advancements generator: https://advancements.thedestruc7i0n.ca",
    "display": {
        "title": {
            "text": "Infernal Encounter"
        },
        "description": {
            "text": "Slay a demon."
        },
        "icon": {
            "item": "minecraft:clock",
            "nbt": "{CustomModelData:420004}"
        },
        "frame": "task",
        "show_toast": true,
        "announce_to_chat": true,
        "hidden": false
    },
    "criteria": {
        "killed_lesser_demon": {
            "trigger": "minecraft:player_killed_entity",
            "conditions": {
                "entity": {
                    "type": "minecraft:skeleton",
                    "equipment": {
                        "head": {
                            "item": "minecraft:carrot_on_a_stick"
                        }
                    }
                }
            }
        },
        "killed_greater_demon": {
            "trigger": "minecraft:player_killed_entity",
            "conditions": {
                "entity": {
                    "type": "minecraft:wither_skeleton",
                    "equipment": {
                        "head": {
                            "item": "minecraft:carrot_on_a_stick"
                        }
                    }
                }
            }
        }
    },
    "requirements": [
        [
            "killed_lesser_demon",
            "killed_greater_demon"
        ]
    ],
    "parent": "undermagic:undermagic/root"
}