{
    "__comment": "Made with TheDestruc7i0n's advancements generator: https://advancements.thedestruc7i0n.ca",
    "display": {
        "title": {
            "text": "Refining Power"
        },
        "description": {
            "text": "Create Demonic Steel."
        },
        "icon": {
            "item": "minecraft:clock",
            "nbt": "{CustomModelData:420007}"
        },
        "frame": "task",
        "show_toast": true,
        "announce_to_chat": true,
        "hidden": false
    },
    "criteria": {
        "demonic_steel": {
            "trigger": "minecraft:inventory_changed",
            "conditions": {
                "items": [
                    {
                        "item": "minecraft:clock",
                        "nbt": "{um_id:\"demonic_steel_ingot\"}"
                    }
                ]
            }
        }
    },
    "parent": "undermagic:undermagic/demon_encounter"
}