{
    "__comment": "Made with TheDestruc7i0n's advancements generator: https://advancements.thedestruc7i0n.ca",
    "display": {
        "title": {
            "text": "Punishing the Elderly"
        },
        "description": {
            "text": "Slay the Elder."
        },
        "icon": {
            "item": "minecraft:clock",
            "nbt": "{CustomModelData:420082}"
        },
        "frame": "goal",
        "show_toast": true,
        "announce_to_chat": true,
        "hidden": false
    },
    "criteria": {
        "elder": {
            "trigger": "minecraft:player_killed_entity",
            "conditions": {
                "entity": {
                    "type": "minecraft:skeleton",
                    "equipment": {
                        "head": {
                            "item": "minecraft:carrot_on_a_stick",
                            "nbt": "{CustomModelData:420076}"
                        }
                    }
                }
            }
        }
    },
    "parent": "undermagic:undermagic/base_metals"
}