{
    "__comment": "Made with TheDestruc7i0n's advancements generator: https://advancements.thedestruc7i0n.ca",
    "display": {
        "title": {
            "text": "Fortress of Destruction"
        },
        "description": {
            "text": "Obtain a full set of Omega armor, the strongest armor before the Abyss."
        },
        "icon": {
            "item": "minecraft:leather_chestplate",
            "nbt": "{CustomModelData:420010,display:{color:2424906}}"
        },
        "frame": "goal",
        "show_toast": true,
        "announce_to_chat": true,
        "hidden": false
    },
    "criteria": {
        "omega_armor": {
            "trigger": "minecraft:inventory_changed",
            "conditions": {
                "items": [
                    {
                        "item": "minecraft:leather_helmet",
                        "nbt": "{um_id:omega_helmet}"
                    },
                    {
                        "item": "minecraft:leather_chestplate",
                        "nbt": "{um_id:omega_chestplate}"
                    },
                    {
                        "item": "minecraft:leather_leggings",
                        "nbt": "{um_id:omega_leggings}"
                    },
                    {
                        "item": "minecraft:leather_boots",
                        "nbt": "{um_id:omega_boots}"
                    }
                ]
            }
        }
    },
    "parent": "undermagic:undermagic/elder"
}