{
    "__comment": "Made with TheDestruc7i0n's advancements generator: https://advancements.thedestruc7i0n.ca",
    "display": {
        "title": {
            "text": "Foul Enhancement"
        },
        "description": {
            "text": "Blood Infuse yourself."
        },
        "icon": {
            "item": "minecraft:clock",
            "nbt": "{CustomModelData:420048}"
        },
        "frame": "task",
        "show_toast": true,
        "announce_to_chat": true,
        "hidden": false
    },
    "criteria": {
        "self_infuse": {
            "trigger": "minecraft:impossible"
        }
    },
    "parent": "undermagic:undermagic/blood_amalgam"
}