{
    "__comment": "Made with TheDestruc7i0n's advancements generator: https://advancements.thedestruc7i0n.ca",
    "display": {
        "title": {
            "text": "Dark Reinforcement"
        },
        "description": {
            "text": "Craft a full set of Shadow armor."
        },
        "icon": {
            "item": "minecraft:leather_chestplate",
            "nbt": "{CustomModelData:420010,display:{color:2424906}}"
        },
        "frame": "task",
        "show_toast": true,
        "announce_to_chat": true,
        "hidden": false
    },
    "criteria": {
        "shadow_armor": {
            "trigger": "minecraft:inventory_changed",
            "conditions": {
                "items": [
                    {
                        "item": "minecraft:leather_helmet",
                        "nbt": "{um_id:shadow_helmet}"
                    },
                    {
                        "item": "minecraft:leather_chestplate",
                        "nbt": "{um_id:shadow_chestplate}"
                    },
                    {
                        "item": "minecraft:leather_leggings",
                        "nbt": "{um_id:shadow_leggings}"
                    },
                    {
                        "item": "minecraft:leather_boots",
                        "nbt": "{um_id:shadow_boots}"
                    }
                ]
            }
        }
    },
    "parent": "undermagic:undermagic/shadow_plate"
}