{
  "type": "minecraft:chest",
  "pools": [
    {
      "rolls": 2,
      "entries": [
        {
          "type": "minecraft:item",
          "name": "minecraft:netherite_sword",
          "weight": 3,
          "functions": [
            {
              "function": "minecraft:enchant_with_levels",
              "levels": {
                "min": 20,
                "max": 39
              },
              "treasure": true
            }
          ]
        },
        {
          "type": "minecraft:item",
          "name": "minecraft:netherite_pickaxe",
          "weight": 3,
          "functions": [
            {
              "function": "minecraft:enchant_with_levels",
              "levels": {
                "min": 20,
                "max": 39
              },
              "treasure": true
            }
          ]
        },
        {
          "type": "minecraft:item",
          "name": "minecraft:netherite_ingot",
          "weight": 4,
          "functions": [
            {
              "function": "minecraft:set_count",
              "count": {
                "min": 1,
                "max": 2
              }
            }
          ]
        }
      ]
    },
    {
      "rolls": 3,
      "entries": [
        {
          "type": "minecraft:loot_table",
          "name": "undermagic:charm_drop",
          "weight": 1
        }
      ]
    },
    {
      "rolls": {
        "min": 3,
        "max": 7
      },
      "entries": [
        {
          "type": "minecraft:item",
          "name": "minecraft:clock",
          "weight": 1,
          "functions": [
            {
              "function": "minecraft:set_nbt",
              "tag": "{CustomModelData:420091,um_id:\"abyss_shard\",display:{Name:\"{\\\"text\\\":\\\"Abyss Shard\\\",\\\"italic\\\":false}\"}}"
            }
          ]
        }
      ]
    }
  ]
}
