{"type":"entity","pools":[{"rolls":1,"entries":[{"type":"item","weight":1,"name":"minecraft:skeleton_spawn_egg","functions":[{"function":"set_count","count":1},{"function":"set_nbt","tag":"{display:{Name:'{\"text\":\"Blood Monolith\",\"color\":\"light_purple\",\"italic\":false}',Lore:['{\"text\":\"Used to boost a Blood Chalice\",\"color\":\"gray\",\"italic\":false}','{\"text\":\"to tier IV.\",\"color\":\"gray\",\"italic\":false}']},CustomModelData:420053,um_id:blood_monolith,EntityTag:{NoGravity:1b,Silent:1b,DeathLootTable:\"undermagic:blood_monolith\",PersistenceRequired:1b,Rotation:[90F,0F],NoAI:1b,CanPickUpLoot:0b,Tags:[\"um_blood_monolith\"],ArmorItems:[{},{},{},{id:\"minecraft:carrot_on_a_stick\",Count:1b,tag:{Unbreakable:1b,CustomModelData:420054}}],ArmorDropChances:[0.085F,0.085F,0.085F,-327.670F],HandItems:[{},{}],Attributes:[{Name:generic.maxHealth,Base:1}]}}"}]}]}]}
