{"type":"generic","pools":[{"rolls":1,"entries":[{"type":"item","weight":3,"name":"minecraft:clock","functions":[{"function":"set_count","count":1},{"function":"set_nbt","tag":"{display:{Name:'{\"text\":\"Charm\",\"color\":\"yellow\",\"italic\":false}',Lore:['{\"text\":\"Speed\",\"color\":\"gray\",\"bold\":true,\"italic\":false}','{\"text\":\"Can be used to charm armor.\",\"color\":\"gray\",\"italic\":false}']},CustomModelData:420080,um_id:charm,um_extra:speed}"}]},{"type":"item","weight":3,"name":"minecraft:clock","functions":[{"function":"set_count","count":1},{"function":"set_nbt","tag":"{display:{Name:'{\"text\":\"Charm\",\"color\":\"yellow\",\"italic\":false}',Lore:['{\"text\":\"Strength\",\"color\":\"gray\",\"bold\":true,\"italic\":false}','{\"text\":\"Can be used to charm armor.\",\"color\":\"gray\",\"italic\":false}']},CustomModelData:420080,um_id:charm,um_extra:strength}"}]},{"type":"item","weight":3,"name":"minecraft:clock","functions":[{"function":"set_count","count":1},{"function":"set_nbt","tag":"{display:{Name:'{\"text\":\"Charm\",\"color\":\"yellow\",\"italic\":false}',Lore:['{\"text\":\"Resistance\",\"color\":\"gray\",\"bold\":true,\"italic\":false}','{\"text\":\"Can be used to charm armor.\",\"color\":\"gray\",\"italic\":false}']},CustomModelData:420080,um_id:charm,um_extra:resistance}"}]},{"type":"item","weight":3,"name":"minecraft:clock","functions":[{"function":"set_count","count":1},{"function":"set_nbt","tag":"{display:{Name:'{\"text\":\"Charm\",\"color\":\"yellow\",\"italic\":false}',Lore:['{\"text\":\"Leaping\",\"color\":\"gray\",\"bold\":true,\"italic\":false}','{\"text\":\"Can be used to charm armor.\",\"color\":\"gray\",\"italic\":false}']},CustomModelData:420080,um_id:charm,um_extra:leaping}"}]},{"type":"item","weight":3,"name":"minecraft:clock","functions":[{"function":"set_count","count":1},{"function":"set_nbt","tag":"{display:{Name:'{\"text\":\"Charm\",\"color\":\"yellow\",\"italic\":false}',Lore:['{\"text\":\"Haste\",\"color\":\"gray\",\"bold\":true,\"italic\":false}','{\"text\":\"Can be used to charm armor.\",\"color\":\"gray\",\"italic\":false}']},CustomModelData:420080,um_id:charm,um_extra:haste}"}]},{"type":"item","weight":2,"name":"minecraft:clock","functions":[{"function":"set_count","count":1},{"function":"set_nbt","tag":"{display:{Name:'{\"text\":\"Charm\",\"color\":\"aqua\",\"italic\":false}',Lore:['{\"text\":\"Hearty\",\"color\":\"gray\",\"bold\":true,\"italic\":false}','{\"text\":\"Can be used to charm armor.\",\"color\":\"gray\",\"italic\":false}']},CustomModelData:420080,um_id:charm,um_extra:hearty}"}]},{"type":"item","weight":2,"name":"minecraft:clock","functions":[{"function":"set_count","count":1},{"function":"set_nbt","tag":"{display:{Name:'{\"text\":\"Charm\",\"color\":\"aqua\",\"italic\":false}',Lore:['{\"text\":\"Shielding\",\"color\":\"gray\",\"bold\":true,\"italic\":false}','{\"text\":\"Can be used to charm armor.\",\"color\":\"gray\",\"italic\":false}']},CustomModelData:420080,um_id:charm,um_extra:shielding}"}]},{"type":"item","weight":2,"name":"minecraft:clock","functions":[{"function":"set_count","count":1},{"function":"set_nbt","tag":"{display:{Name:'{\"text\":\"Charm\",\"color\":\"aqua\",\"italic\":false}',Lore:['{\"text\":\"Deathstrike\",\"color\":\"gray\",\"bold\":true,\"italic\":false}','{\"text\":\"Can be used to charm armor.\",\"color\":\"gray\",\"italic\":false}']},CustomModelData:420080,um_id:charm,um_extra:deathstrike}"}]},{"type":"item","weight":2,"name":"minecraft:clock","functions":[{"function":"set_count","count":1},{"function":"set_nbt","tag":"{display:{Name:'{\"text\":\"Charm\",\"color\":\"aqua\",\"italic\":false}',Lore:['{\"text\":\"Slowfall\",\"color\":\"gray\",\"bold\":true,\"italic\":false}','{\"text\":\"Can be used to charm armor.\",\"color\":\"gray\",\"italic\":false}']},CustomModelData:420080,um_id:charm,um_extra:slowfall}"}]},{"type":"item","weight":3,"name":"minecraft:clock","functions":[{"function":"set_count","count":1},{"function":"set_nbt","tag":"{display:{Name:'{\"text\":\"Charm\",\"color\":\"yellow\",\"italic\":false}',Lore:['{\"text\":\"Aquatic\",\"color\":\"gray\",\"bold\":true,\"italic\":false}','{\"text\":\"Can be used to charm armor.\",\"color\":\"gray\",\"italic\":false}']},CustomModelData:420080,um_id:charm,um_extra:aquatic}"}]},{"type":"item","weight":1,"name":"minecraft:clock","functions":[{"function":"set_count","count":1},{"function":"set_nbt","tag":"{display:{Name:'{\"text\":\"Charm\",\"color\":\"light_purple\",\"italic\":false}',Lore:['{\"text\":\"Flight\",\"color\":\"gray\",\"bold\":true,\"italic\":false}','{\"text\":\"Can be used to charm armor.\",\"color\":\"gray\",\"italic\":false}']},CustomModelData:420080,um_id:charm,um_extra:flight}"}]},{"type":"item","weight":1,"name":"minecraft:clock","functions":[{"function":"set_count","count":1},{"function":"set_nbt","tag":"{display:{Name:'{\"text\":\"Charm\",\"color\":\"light_purple\",\"italic\":false}',Lore:['{\"text\":\"Revivify\",\"color\":\"gray\",\"bold\":true,\"italic\":false}','{\"text\":\"Can be used to charm armor.\",\"color\":\"gray\",\"italic\":false}']},CustomModelData:420080,um_id:charm,um_extra:revivify}"}]},{"type":"item","weight":1,"name":"minecraft:clock","functions":[{"function":"set_count","count":1},{"function":"set_nbt","tag":"{display:{Name:'{\"text\":\"Charm\",\"color\":\"light_purple\",\"italic\":false}',Lore:['{\"text\":\"Enderlord\",\"color\":\"gray\",\"bold\":true,\"italic\":false}','{\"text\":\"Can be used to charm armor.\",\"color\":\"gray\",\"italic\":false}']},CustomModelData:420080,um_id:charm,um_extra:enderlord}"}]},{"type":"item","weight":1,"name":"minecraft:clock","functions":[{"function":"set_count","count":1},{"function":"set_nbt","tag":"{display:{Name:'{\"text\":\"Charm\",\"color\":\"light_purple\",\"italic\":false}',Lore:['{\"text\":\"Lifesteal\",\"color\":\"gray\",\"bold\":true,\"italic\":false}','{\"text\":\"Can be used to charm armor.\",\"color\":\"gray\",\"italic\":false}']},CustomModelData:420080,um_id:charm,um_extra:lifesteal}"}]}]}]}
