{
  "providers": [{
      "type": "bitmap",
      "file": "florcraft:gui/natures_oculus/recipes/crafting.png",
      "ascent": 48,
      "height": 100,
      "chars": [
        "\uc001\uc002\uc021\uc022",
        "\uc003\uc004\uc023\uc024",
        "\uc005\uc006\uc025\uc026",
        "\uc007\uc008\uc027\uc028",
        "\uc009\uc010\uc029\uc030",
        "\uc011\uc012\uc031\uc032",
        "\uc013\uc014\uc033\uc034",
        "\uc015\uc016\uc035\uc036",
        "\uc017\uc018\uc037\uc038",
        "\uc019\uc020\uc039\uc040"
      ]
    }
  ]
}