{
    "pools": [
        {
            "rolls": 1,
            "entries": [
                {
                    "type": "item",
                    "weight": 1,
                    "name": "minecraft:clock",
                    "functions": [
                        {
                            "function": "set_count",
                            "count": {
                                "min": 8,
                                "max": 12
                            }
                        },
                        {
                            "function": "set_nbt",
                            "tag": "{display:{Name:\"{\\\"text\\\":\\\"Crystallized Blood Essence\\\",\\\"color\\\":\\\"light_purple\\\",\\\"italic\\\":false}\"},CustomModelData:420048,um_id:\"cbe\"}"
                        }
                    ]
                }
            ]
        },
        {
            "rolls": 5,
            "entries": [
              {
                "type": "minecraft:loot_table",
                "name": "undermagic:charm_drop"
              }
            ]
        }
    ]
}
