{
    "pools": [
      {
        "rolls": 1,
        "entries": [
          {
            "type": "item",
            "name": "minecraft:clock",
            "weight": 1,
            "functions": [
              {
                "function": "set_count",
                "count": {
                  "min": 8,
                  "max": 10
                }
              },
              {
                "function": "set_nbt",
                "tag": "{display:{Name:\"{\\\"text\\\":\\\"Omega Rune\\\",\\\"color\\\":\\\"light_purple\\\",\\\"italic\\\":false}\"},CustomModelData:420081,um_id:\"omega_rune\"}"
              }
            ]
          }
        ]
      },
      {
        "rolls": 5,
        "entries": [
          {
            "type": "minecraft:loot_table",
            "name": "undermagic:charm_drop"
          }
        ]
      },
      {
        "rolls": 1,
        "entries": [
          {
            "type": "minecraft:loot_table",
            "name": "minecraft:entities/generichostile",
            "functions": [
              {
                "function": "minecraft:set_count",
                "count": {
                  "min": 60,
                  "max": 80
                }
              }
            ]
          }
        ],
        "conditions": [
          {
            "condition": "minecraft:entity_scores",
            "entity": "this",
            "scores": {
              "um.erpg_loot": {
                "min": 1,
                "max": 999
              }
            }
          }
        ]
      },
      {
        "rolls": 1,
        "entries": [
          {
            "type": "minecraft:loot_table",
            "name": "minecraft:entities/genericprotector",
            "functions": [
              {
                "function": "minecraft:set_count",
                "count": {
                  "min": 60,
                  "max": 80
                }
              }
            ]
          }
        ],
        "conditions": [
          {
            "condition": "minecraft:entity_scores",
            "entity": "this",
            "scores": {
              "um.erpg_loot": {
                "min": 1,
                "max": 999
              }
            }
          }
        ]
      },
      {
        "rolls": 1,
        "entries": [
          {
            "type": "minecraft:loot_table",
            "name": "minecraft:entities/genericfarm",
            "functions": [
              {
                "function": "minecraft:set_count",
                "count": {
                  "min": 60,
                  "max": 80
                }
              }
            ]
          }
        ],
        "conditions": [
          {
            "condition": "minecraft:entity_scores",
            "entity": "this",
            "scores": {
              "um.erpg_loot": {
                "min": 1,
                "max": 999
              }
            }
          }
        ]
      }
    ]
  }
