{
    "pools": [
      {
        "rolls": 1,
        "entries": [
          {
            "type": "item",
            "name": "minecraft:clock",
            "weight": 1,
            "functions": [
              {
                "function": "set_nbt",
                "tag": "{CustomModelData:420091,um_id:\"abyss_shard\",display:{Name:\"{\\\"text\\\":\\\"Abyss Shard\\\",\\\"italic\\\":false}\"}}"
              },
              {
                "function": "minecraft:looting_enchant",
                "count": 1
              }
            ]
          }
        ]
      }
    ]
  }
