{
  "type": "chest",
  "pools": [
    {
      "rolls": {
        "min": 2,
        "max": 4
      },
      "entries": [
        {
          "type": "item",
          "name": "minecraft:diamond",
          "weight": 5,
          "functions": [
            {
              "function": "set_count",
              "count": 1
            }
          ]
        },
        {
          "type": "item",
          "name": "minecraft:iron_ingot",
          "weight": 5,
          "functions": [
            {
              "function": "set_count",
              "count": 1
            }
          ]
        },
        {
          "type": "item",
          "name": "minecraft:gold_ingot",
          "weight": 15,
          "functions": [
            {
              "function": "set_count",
              "count": 1
            }
          ]
        },
        {
          "type": "item",
          "name": "minecraft:golden_sword",
          "weight": 5,
          "functions": [
            {
              "function": "set_count",
              "count": 1
            }
          ]
        },
        {
          "type": "item",
          "name": "minecraft:golden_chestplate",
          "weight": 5,
          "functions": [
            {
              "function": "set_count",
              "count": 1
            }
          ]
        },
        {
          "type": "item",
          "name": "minecraft:flint_and_steel",
          "weight": 5,
          "functions": [
            {
              "function": "set_count",
              "count": 1
            }
          ]
        },
        {
          "type": "item",
          "name": "minecraft:nether_wart",
          "weight": 5,
          "functions": [
            {
              "function": "set_count",
              "count": 1
            }
          ]
        },
        {
          "type": "item",
          "name": "minecraft:saddle",
          "weight": 10,
          "functions": [
            {
              "function": "set_count",
              "count": 1
            }
          ]
        },
        {
          "type": "item",
          "name": "minecraft:golden_horse_armor",
          "weight": 8,
          "functions": [
            {
              "function": "set_count",
              "count": 1
            }
          ]
        },
        {
          "type": "item",
          "name": "minecraft:iron_horse_armor",
          "weight": 5,
          "functions": [
            {
              "function": "set_count",
              "count": 1
            }
          ]
        },
        {
          "type": "item",
          "name": "minecraft:diamond_horse_armor",
          "weight": 3,
          "functions": [
            {
              "function": "set_count",
              "count": 1
            }
          ]
        },
        {
          "type": "item",
          "name": "minecraft:obsidian",
          "weight": 2,
          "functions": [
            {
              "function": "set_count",
              "count": 1
            }
          ]
        }
      ]
    },
    {
      "rolls": {
        "min": 2,
        "max": 3
      },
      "entries": [
        {
          "type": "item",
          "name": "minecraft:clock",
          "weight": 6,
          "functions": [
            {
              "function": "set_count",
              "count": {
                "min": 2,
                "max": 4
              }
            },
            {
              "function": "set_nbt",
              "tag": "{display:{Name:\"{\\\"text\\\":\\\"Demon Skin\\\",\\\"italic\\\":false}\"},CustomModelData:420004,um_id:demon_skin}"
            }
          ]
        },
        {
          "type": "item",
          "name": "minecraft:clock",
          "weight": 5,
          "functions": [
            {
              "function": "set_count",
              "count": {
                "min": 1,
                "max": 3
              }
            },
            {
              "function": "set_nbt",
              "tag": "{display:{Name:\"{\\\"text\\\":\\\"Demon Bone\\\",\\\"italic\\\":false}\"},CustomModelData:420005,um_id:demon_bone}"
            }
          ]
        },
        {
          "type": "item",
          "name": "minecraft:clock",
          "weight": 3,
          "functions": [
            {
              "function": "set_count",
              "count": {
                "min": 1,
                "max": 2
              }
            },
            {
              "function": "set_nbt",
              "tag": "{display:{Name:\"{\\\"text\\\":\\\"Demon Sword Shard\\\",\\\"italic\\\":false}\"},CustomModelData:420009,um_id:demon_sword_shard}"
            }
          ]
        },
        {
          "type": "item",
          "name": "minecraft:clock",
          "weight": 1,
          "functions": [
            {
              "function": "set_count",
              "count": 1
            },
            {
              "function": "set_nbt",
              "tag": "{display:{Name:\"{\\\"text\\\":\\\"Demon Heart Stone\\\",\\\"color\\\":\\\"light_purple\\\",\\\"italic\\\":false}\"},CustomModelData:420001,um_id:demon_heart_stone}"
            }
          ]
        }
      ]
    },
    {
      "rolls": 1,
      "entries": [
        {
          "type": "item",
          "name": "minecraft:clock",
          "weight": 1,
          "functions": [
            {
              "function": "set_nbt",
              "tag": "{display:{Name:\"{\\\"text\\\":\\\"Undercrafter Blueprint\\\",\\\"color\\\":\\\"yellow\\\",\\\"italic\\\":false}\",Lore:[\"{\\\"text\\\":\\\"Shadow Guardian Bulwark\\\",\\\"color\\\":\\\"gray\\\",\\\"bold\\\":true,\\\"italic\\\":false}\",\"{\\\"text\\\":\\\"Drop on your Undercrafter to\\\",\\\"color\\\":\\\"gray\\\",\\\"bold\\\":false,\\\"italic\\\":false}\",\"{\\\"text\\\":\\\"enable this item's recipe!\\\",\\\"color\\\":\\\"gray\\\",\\\"bold\\\":false,\\\"italic\\\":false}\"]},CustomModelData:420017,um_id:blueprint_shadow_shield}"
            }
          ]
        }
      ],
      "conditions": [
        {
          "condition": "minecraft:random_chance",
          "chance": 0.15
        }
      ]
    },
    {
      "rolls": 1,
      "entries": [
        {
          "type": "minecraft:loot_table",
          "name": "undermagic:charm_drop",
          "weight": 1
        }
      ]
    }
  ]
}