{
	"generator": {
	    "type": "minecraft:noise",
	    "seed": 0,
	    "biome_source": {
		    "type": "minecraft:fixed",
			"seed": 0,
			"biome": "minecraft:basalt_deltas"
	  	},
	  	"settings": {
			"bedrock_roof_position": 0,
			"bedrock_floor_position": 0,
			"sea_level": 10,
			"disable_mob_generation": false,
			"default_block": {
			  "Name": "minecraft:obsidian",
			  "Properties": {}
			},
			"default_fluid": {
			    "Name": "minecraft:lava",
			    "Properties": {"level":"0"}
			},
			"noise": {
			  	"density_factor": 0,
			  	"density_offset": -0.46875,
		  		"simplex_surface_noise": true,
				"random_density_offset": true,
				"island_noise_override": false,
		  		"amplified": false,
		  		"size_horizontal": 2,
		  		"size_vertical": 2,
		  		"height": 128,
		  		"sampling": {
					"xz_scale": 2,
					"y_scale": 0.5,
					"xz_factor": 40,
					"y_factor": 160
		  		},
		  		"bottom_slide": {
					"target": 50,
					"size": 16,
					"offset": 0
		  		},
		  		"top_slide": {
					"target": 50,
					"size": 12,
					"offset": 0
		  		}
			},
			"structures": {
			  	"structures": {
					"minecraft:fortress": {
						"spacing": 4096,
						"separation": 8, 
						"salt": 10387312
					},
					"minecraft:bastion_remnant": {
						"spacing": 4096,
						"separation": 8, 
						"salt": 10387312
					},
					"minecraft:ruined_portal": {
						"spacing": 4096,
						"separation": 8, 
						"salt": 10387312
					}
				}
			}
	  	}
	},
	"type": "minecraft:the_nether"
}